{"executionTime":3808,"responseTime":3138,"testCase":"Valid Account","status":"PASS","timestamp":1757490970296}
{"executionTime":3569,"responseTime":3550,"testCase":"Invalid Account No","status":"PASS","timestamp":1757490973912}
{"executionTime":1371,"responseTime":1354,"testCase":"Invalid Account No","status":"PASS","timestamp":1757635255121}
{"executionTime":1071,"responseTime":1059,"testCase":"Invalid Account No","status":"PASS","timestamp":1757635319434}
{"executionTime":2101,"responseTime":2090,"testCase":"Invalid Account No","status":"PASS","timestamp":1757635549668}
{"executionTime":6684,"responseTime":5800,"testCase":"Valid Account","status":"PASS","timestamp":1757771859792}
{"executionTime":2086,"responseTime":2072,"testCase":"Invalid Account No","status":"PASS","timestamp":1757771861913}
{"executionTime":6042,"responseTime":5346,"testCase":"Valid Account","status":"PASS","timestamp":1757781001788}
{"executionTime":2715,"responseTime":2708,"testCase":"Invalid Account No","status":"PASS","timestamp":1757781004552}
{"executionTime":4369,"responseTime":3276,"testCase":"Valid Account","status":"PASS","timestamp":1757834333370}
{"executionTime":1679,"responseTime":1662,"testCase":"Invalid Account No","status":"PASS","timestamp":1757834335082}
{"executionTime":4371,"responseTime":3639,"testCase":"Valid Account","status":"PASS","timestamp":1757838369528}
{"executionTime":2517,"responseTime":2506,"testCase":"Invalid Account No","status":"PASS","timestamp":1757838372096}
{"executionTime":5493,"responseTime":4795,"testCase":"Valid Account","status":"PASS","timestamp":1757839669459}
{"executionTime":3365,"responseTime":3357,"testCase":"Invalid Account No","status":"PASS","timestamp":1757839672878}
{"executionTime":6775,"responseTime":6156,"testCase":"Valid Account","status":"PASS","timestamp":1757840705130}
{"executionTime":3043,"responseTime":3030,"testCase":"Invalid Account No","status":"PASS","timestamp":1757840708219}
